date,time,days,g_id_meter,gas_m3,g_cons,g_av_day,w_id_meter,water_m3,w_cons,w_av_day,p_id_meter,power_kwh,p_cons,p_av_day,Heater On(1)/Off(0),Presence in House,People in property,Water-Pump
01/06/2011,,0,8,"1,00","0,00","0,00",6,"1,00","0,00","0,000",7,0,"0,00","0,00",0,0,0,NA
12/07/2011,,41,8,,,,6,"10,00","9,00","0,220",7,,,,,1,2,NA
02/02/2012,,205,8,"256,62","255,62","1,04",6,,,,7,,,,3,1,3,NA
26/03/2012,,53,8,,,,6,,,,7,"1216,5","1 216,50","4,07",,1,3,NA
12/07/2012,,108,8,,,,6,"108,00","98,00","0,268",7,,,,,1,3,NA
04/02/2013,,207,8,"706,56","449,94","2,17",6,,,,7,,,,3,1,3,NA
07/06/2013,,123,8,,,,6,"216,00","108,00","0,327",7,,,,,1,3,NA
04/02/2014,,242,8,"1 179,47","472,91","1,95",6,,,,7,"2565,5","1 349,00",,2,1,4,NA
28/06/2014,,144,8,"1 357,43","177,97","1,24",6,"314,00","98,00","0,254",7,,,,0,1,4,NA
02/10/2014,,96,8,"1 476,08","118,64","1,24",6,"335,00","21,00","0,219",7,"3448,7","883,20","1,10",0,1,4,NA
04/09/2014,,0,1,"38 911,51","0,00","0,00",2,"114,42","0,00","0,000",4,"51419,3","0,00","0,00",0,0,0,NA
12/09/2014,,8,1,"38 921,39","9,89","1,24",2,,,,4,,,,0,1,4,
28/11/2014,,77,1,,,,2,"142,03","27,62","0,325",4,,,,,1,4,
16/12/2014,,18,1,"39 297,24","375,85","3,96",2,"148,27","6,24","0,347",4,51712,"292,70","2,84",1,1,4,
07/01/2015,,22,1,"39 469,72","172,48","7,84",2,,,,4,,,,3,1,4,
01/07/2015,,175,1,"39 946,12","476,40","2,72",2,"209,16","60,89","0,309",4,"52181,7","469,70","2,38",3,1,4,
23/07/2015,,22,1,"39 946,12","0,00","0,00",2,"209,16","0,00","0,000",4,"52182,1","0,40","0,02",0,1,4,
08/09/2015,,47,1,,,,2,"214,21","5,05","0,107",4,,,,0,1,4,
01/10/2015,,23,1,"40 004,87","58,75","0,84",2,"225,10","10,89","0,473",4,"52354,4","172,30","2,46",0,1,4,
19/11/2015,,49,1,,,,2,,,,4,52487,"132,60","2,71",,1,4,
01/12/2015,,12,1,"40 150,73","145,85","2,39",2,"239,39","14,29","0,234",4,"52524,1","37,10","3,09",1,1,4,
16/12/2015,,15,1,"40 208,97","58,24","3,88",2,"243,83","4,43","0,295",4,"52567,6","43,50","2,90",3,1,4,
01/01/2016,,16,1,"40 247,26","38,30","2,39",2,"246,73","2,91","0,182",4,"52612,2","44,60","2,79",3,1,4,
07/01/2016,,6,1,"40 275,29","28,03","4,67",2,"247,72","0,99","0,165",4,"52632,5","20,30","3,38",3,1,4,
17/01/2016,,10,1,"40 323,53","48,24","4,82",2,"249,37","1,65","0,165",4,"52659,6","27,10","2,71",3,1,4,
21/01/2016,,4,1,"40 355,34","31,81","7,95",2,"250,03","0,66","0,165",4,"52671,5","11,90","2,98",3,1,4,
01/02/2016,,11,1,"40 408,94","53,60","4,87",2,"253,60","3,57","0,324",4,"52707,4","35,90","3,26",3,1,4,
16/02/2016,,15,1,"40 493,76","84,82","5,65",2,"259,30","5,70","0,380",4,"52754,7","47,30","3,15",3,1,4,
01/03/2016,,14,1,"40 568,74","74,98","5,36",2,"264,43","5,14","0,367",4,52794,"39,30","2,81",3,1,4,
01/04/2016,,31,1,"40 704,69","135,96","4,39",2,"276,72","12,29","0,396",4,"52884,8","90,80","2,93",3,1,4,
16/04/2016,,15,1,"40 746,27","41,58","2,77",2,"284,16","7,44","0,496",4,"52933,7","48,90","3,26",3,1,4,
01/05/2016,,15,1,"40 804,59","58,32","3,89",2,"296,48","12,32","0,821",4,"52981,1","47,40","3,16",3,1,4,
01/06/2016,,31,1,"40 857,52","52,93","1,71",2,"313,18","16,70","0,539",4,"53073,1","92,00","2,97",2,1,4,
01/07/2016,,30,1,"40 890,28","32,76","1,09",2,"324,22","11,04","0,368",4,"53148,6","75,50","2,52",0,1,4,
04/07/2016,,3,1,"40 893,70","3,43","1,14",2,"325,30","1,08","0,358",4,53156,"7,40","2,47",0,1,4,
01/08/2016,,28,1,"40 920,43","26,72","0,95",2,"334,76","9,47","0,338",4,"53223,5","67,50","2,41",0,1,4,
12/08/2016,,11,1,"40 932,24","11,82","1,07",2,"338,21","3,44","0,313",4,"53250,4","26,90","2,45",0,1,4,
01/09/2016,,20,1,"40 949,56","17,32","0,87",2,"343,25","5,05","0,252",4,"53296,8","46,40","2,32",0,1,4,
13/09/2016,,12,1,"40 970,54","20,98","1,75",2,"351,07","7,82","0,651",4,53349,"52,20","4,35",0,1,4,
26/11/2016,,74,1,,,,2,,,,4,"53435,7","86,70","1,17",0,1,4,
31/12/2016,,35,1,"41 219,40","248,87","2,28",2,"361,87","10,80","0,099",4,"53494,7","197,90","1,64",3,1,2,
19/07/2017,,48,1,"41 254,39","34,99","0,17",2,"361,87","0,00","0,000",4,,,,0,1,4,
01/08/2017,,13,1,"41 261,85","7,46","0,57",2,"363,93","2,05","0,158",4,53533,"97,30","0,46",0,1,4,
18/08/2017,,17,1,"41 280,34","18,49","1,09",2,"368,74","4,82","0,283",4,"53563,9","30,90","1,82",0,1,4,
01/09/2017,,14,1,"41 295,82","15,48","1,11",2,"372,98","4,24","0,303",4,"53596,3","32,40","2,31",0,1,4,
12/09/2017,,11,1,"41 308,61","12,79","1,16",2,"376,14","3,16","0,288",4,"53626,7","30,40","2,76",0,1,4,
01/10/2017,,19,1,"41 334,31","25,70","1,35",2,"381,49","5,35","0,282",4,"53669,9","43,20","2,27",0,1,4,
01/11/2017,,31,1,"41 379,21","44,90","1,45",2,"389,91","8,42","0,272",4,"53738,7","68,80","2,22",0,1,4,
23/11/2017,,22,1,"41 449,17","69,97","3,18",2,"396,05","6,14","0,279",4,"53790,7","52,00","2,36",1,1,4,
01/12/2017,,8,1,"41 487,97","38,80","4,85",2,"398,52","2,46","0,308",4,"53813,4","22,70","2,84",3,1,4,
01/01/2018,,31,1,"41 647,08","159,10","5,13",2,"406,00","7,49","0,242",4,"53888,3","74,90","2,42",3,1,4,
01/02/2018,,31,1,"41 785,32","138,24","4,46",2,"414,00","8,00","0,258",4,"53960,9","72,60","2,34",3,1,4,
01/03/2018,,28,1,"41 951,64","166,32","5,94",2,"422,84","8,84","0,316",4,"54032,2","71,30","2,55",3,1,,
01/04/2018,,31,1,"42 086,46","134,82","4,35",2,"433,46","10,62","0,343",4,"54108,3","76,10","2,45",3,1,,
01/05/2018,,30,1,"42 130,17","43,71","1,46",2,"442,43","8,97","0,299",4,"54174,1","65,80","2,19",2,,,
01/06/2018,,31,1,"42 164,17","34,00","1,10",2,"451,11","8,68","0,280",4,54235,"60,90","1,96",0,,,
22/06/2018,,21,1,"42 184,59","20,43","0,97",2,"457,12","6,01","0,286",4,"54280,1","45,10","2,15",0,,,
01/07/2018,,9,1,"42 194,08","9,49","1,05",2,"460,03","2,91","0,323",4,"54305,3","25,20","2,80",0,,,
03/08/2018,,33,1,"42 219,01","24,93","0,76",2,"469,82","9,79","0,297",4,"54386,6","81,30","2,46",0,,,
30/08/2018,,27,1,"42 239,82","20,82","0,77",2,"476,01","6,19","0,229",4,"54441,7","55,10","2,04",0,,,
09/10/2018,,40,1,"42 279,82","40,00","1,00",2,"487,10","11,08","0,277",4,"54536,2","94,50","2,36",0,,,
01/11/2018,,23,1,"42 324,51","44,70","1,94",2,"493,70","6,61","0,287",4,"54590,6","54,40","2,37",1,,,
28/11/2018,,27,1,"42 437,37","112,86","4,18",2,"500,92","7,22","0,267",4,54666,"75,40","2,79",3,,,
01/01/2019,,34,1,"42 597,16","159,79","4,70",2,"510,11","9,19","0,270",4,"54770,8","104,80","3,08",3,,,
01/02/2019,,31,1,"42 779,36","182,20","5,88",2,"518,85","8,74","0,282",4,"54880,4","109,60","3,54",3,,,
03/03/2019,,30,1,"42 912,83","133,47","4,45",2,"527,12","8,27","0,276",4,"54975,2","94,80","3,16",3,,,
01/04/2019,,29,1,"43 027,22","114,39","3,94",2,"535,66","8,54","0,294",4,55076,"100,80","3,48",3,,,
01/05/2019,,30,1,"43 085,61","58,39","1,95",2,"543,48","7,82","0,261",4,"55156,2","80,20","2,67",2,,,
01/06/2019,,31,1,"43 131,81","46,20","1,49",2,"553,66","10,18","0,328",4,"55241,6","85,40","2,75",0,,,
07/07/2019,,36,1,"43 169,08","83,47","1,25",2,"563,56","20,08","0,300",4,"55328,9","172,70","2,58",0,,,
03/08/2019,,27,1,"43 190,49","21,40","0,79",2,"569,82","6,26","0,232",4,"55372,4","43,50","1,61",0,,,
30/08/2019,,27,1,"43 221,26","30,78","1,14",2,"579,17","9,34","0,346",4,"55451,8","79,40","2,94",0,,,
01/10/2019,,32,1,"43 265,71","44,44","1,39",2,"593,09","13,93","0,435",4,"55552,4","100,60","3,14",0,,,
01/11/2019,,31,1,"43 322,94","57,24","1,85",2,"603,01","9,92","0,320",4,"55648,2","95,80","3,09",0,,,
01/12/2019,,30,1,"43 461,87","138,93","4,63",2,"611,49","8,48","0,283",4,"55739,9","91,70","3,06",1,,,
01/01/2020,,31,1,"43 620,98","159,11","5,13",2,"620,60","9,11","0,294",4,"55838,5","98,60","3,18",3,,,
01/02/2020,,31,1,"43 788,96","167,98","5,42",2,"629,49","8,89","0,287",4,"55944,3","105,80","3,41",3,,,
18/02/2020,,17,1,"43 881,07","92,12","5,42",2,"634,00","4,51","0,265",4,"56002,31935","58,02","3,41",3,1,4,
18/02/2020,,17,,,,,3,"0,00","0,00","0,000",,,,,3,0,0,
01/03/2020,,12,1,"43 935,37","54,30","4,52",3,"3,83","3,83","0,319",4,"56041,5","39,18","3,27",3,1,4,
01/04/2020,,31,1,"44 066,08","130,71","4,22",3,"15,09","11,26","0,363",4,"56138,3","96,80","3,12",3,,,
01/05/2020,,30,1,"44 117,90","51,82","1,73",3,"26,99","11,90","0,397",4,"56216,3","78,00","2,60",2,,,
01/06/2020,,31,1,"44 163,29","45,40","1,46",3,"39,77","12,78","0,412",4,56300,"83,70","2,70",0,,,
01/07/2020,,30,1,"44 192,89","29,59","0,99",3,"48,39","8,62","0,287",4,"56385,6","85,60","2,85",0,,,
01/08/2020,,31,1,"44 216,32","23,44","0,76",3,"54,50","6,11","0,197",4,"56472,6","87,00","2,81",0,,,
01/09/2020,,31,1,"44 237,48","21,16","0,68",3,"60,72","6,22","0,201",4,"56569,2","96,60","3,12",0,,,
01/10/2020,,30,1,"44 271,33","33,84","1,13",3,"69,44","8,72","0,291",4,"56668,5","99,30","3,31",0,,,
01/11/2020,,31,1,"44 342,92","71,60","2,31",3,"78,82","9,39","0,303",4,"56789,5","121,00","3,90",1,,,
02/12/2020,,31,1,"44 457,78","114,86","3,71",3,"87,64","8,82","0,284",4,"56904,5","115,00","3,71",3,,,
01/01/2021,,30,1,"44 608,74","150,96","5,03",3,"96,63","8,99","0,300",4,"57010,9","106,40","3,55",3,,,
02/02/2021,,32,1,"44 827,64","218,90","6,84",3,"104,95","8,32","0,260",4,"57135,6","124,70","3,90",3,,,
01/03/2021,,27,1,"44 973,50","145,86","5,40",3,"112,69","7,74","0,287",4,"57227,8","92,20","3,41",3,,,
04/03/2021,,3,1,,,,,,,,4,"57234,2","6,40","2,13",3,1,4,
04/03/2021,,,,,,,,,,,5,"11,7","0,00","0,00",3,1,4,
01/04/2021,,28,1,"45 105,34","131,84","4,25",3,"123,56","10,87","0,351",5,"104,9","93,20","3,33",3,1,4,
01/05/2021,,30,1,"45 227,29","121,95","4,07",3,"135,92","12,36","0,412",5,"215,2","110,30","3,68",3,1,4,
07/05/2021,,6,1,,,,3,"138,65","2,72","0,454",5,"241,6","26,40","4,40",,,,
02/06/2021,,26,1,"45 296,60","69,31","2,17",3,"147,59","8,95","0,344",5,"332,3","90,70","3,49",2,,,
02/07/2021,,30,1,"45 326,90","30,30","1,01",3,"155,83","8,24","0,275",5,"421,8","89,50","2,98",0,,,
17/07/2021,,15,1,"45 326,90","0,00","0,00",3,"155,83","0,00","0,000",5,"429,3","7,50","0,50",0,0,0,
27/07/2021,,10,1,"45 330,12","3,22","0,32",3,"156,88","1,06","0,106",5,"456,1","26,80","2,68",0,,,
01/08/2021,,5,1,"45 335,10","4,98","1,00",3,"158,23","1,35","0,270",5,"468,4","12,30","2,46",0,,,
31/08/2021,,30,1,"45 365,75","30,65","1,02",3,"166,65","8,42","0,281",5,"558,1","89,70","2,99",0,,,
01/10/2021,,31,1,"45 403,46","37,70","1,22",3,"176,24","9,59","0,309",5,"646,9","88,80","2,86",0,,,
01/11/2021,,31,1,"45 479,53","76,07","2,45",3,"185,98","9,74","0,314",5,"760,3","113,40","3,66",1,,,
30/11/2021,,29,1,"45 624,26","144,73","4,99",3,"194,59","8,61","0,297",5,"862,7","102,40","3,53",3,,,
01/01/2022,,32,1,"45 811,53","187,28","5,85",3,"203,67","9,08","0,284",5,"996,6","133,90","4,18",3,,,
04/03/2022,,62,1,"46 148,44","336,90","5,43",3,"221,95","18,28","0,295",5,"1222,8","226,20","3,65",3,,,
01/04/2022,,28,1,"46 217,61","69,18","2,47",3,"231,00","9,05","0,323",5,"1320,2","97,40","3,48",3,,,
01/05/2022,,30,1,"46 282,34","64,72","2,16",3,"240,19","9,19","0,306",5,"1404,7","84,50","2,82",2,,,
03/06/2022,,33,1,"46 314,44","32,11","0,97",3,"250,27","10,09","0,306",5,"1492,7","88,00","2,67",0,,,
27/06/2022,,24,1,"46 333,34","18,90","0,79",3,"255,55","5,28","0,220",5,"1551,6","58,90","2,45",0,,,
22/07/2022,,25,1,"46 333,34","0,00","0,00",3,"255,55","0,00","0,000",5,1552,"0,40","0,02",0,0,0,
01/08/2022,,10,1,"46 339,65","6,31","0,63",3,"257,42","1,87","0,187",5,"1576,3","24,30","2,43",0,,,
27/08/2022,,26,1,"46 357,35","17,71","0,68",3,"263,19","5,77","0,222",5,1649,"72,70","2,80",0,,,
02/11/2022,,67,1,"46 428,27","70,92","1,06",3,"280,77","17,58","0,262",5,"1825,8","176,80","2,64",0,,,
06/11/2022,,4,1,"46 434,50","6,23","1,56",3,"281,89","1,12","0,280",5,"1838,7","12,90","3,23",1,,,
02/12/2022,,26,1,"46 528,11","93,61","3,60",3,"288,30","6,41","0,246",5,"1913,3","74,60","2,87",3,,,
01/01/2023,,30,1,"46 698,28","170,17","5,67",3,"296,23","7,93","0,264",5,"2034,3","121,00","4,03",3,,,
02/02/2023,,32,1,"46 861,66","163,39","5,11",3,"302,90","6,66","0,208",5,"2148,8","114,50","3,58",3,,,
03/03/2023,,29,1,"46 989,35","127,68","4,40",3,"309,47","6,57","0,227",5,"2260,7","111,90","3,86",3,,,
02/04/2023,,30,1,"47 123,22","133,87","4,46",3,"318,39","8,92","0,297",5,"2377,2","116,50","3,88",3,,,
06/04/2023,,4,1,"47 138,80","15,58","3,89",3,"319,64","1,26","0,314",5,2391,"13,80","3,45",2,,,3
03/05/2023,,27,1,"47 167,99","29,19","1,08",3,"325,80","6,16","0,228",5,"2467,3","76,30","2,83",0,,,3
01/06/2023,,29,1,"47 199,23","31,25","1,08",3,"333,60","7,81","0,269",5,2554,"86,70","2,99",0,1,4,3
17/06/2023,,16,1,"47 215,24","16,00","1,00",3,"338,02","4,42","0,276",5,"2596,7","42,70","2,67",0,1,4,3
22/06/2023,,5,1,"47 220,32","5,08","1,02",3,"339,83","1,81","0,362",5,"2609,9","13,20","2,64",0,1,4,2
05/07/2023,,13,1,"47 231,96","11,65","0,90",3,"343,06","3,23","0,248",5,"2648,4","38,50","2,96",0,1,4,0
03/08/2023,,29,1,"47 239,09","7,13","0,25",3,"345,17","2,12","0,073",5,"2690,1","41,70","1,44",0,1,1,1
10/08/2023,,7,1,"47 241,39","2,30","0,33",3,"345,91","0,73","0,105",5,"2704,2","14,10","2,01",0,1,1,3
01/09/2023,,22,1,"47 258,17","16,79","0,76",3,"350,94","5,04","0,229",5,"2769,4","65,20","2,96",0,1,4,
01/11/2023,,61,1,"47 331,04","72,87","1,19",3,"365,79","14,85","0,243",5,"2982,6","213,20","3,50",0,1,4,
04/12/2023,,33,1,"47 493,52","162,48","4,92",3,"374,51","8,72","0,264",5,"3117,3","134,70","4,08",1,,4,
01/01/2024,,28,1,"47 633,19","139,67","4,99",3,"380,91","6,40","0,229",5,"3222,6","105,30","3,76",3,,4,
03/02/2024,,33,1,"47 856,59","223,40","6,77",3,"389,95","9,04","0,274",5,"3366,1","143,50","4,35",3,,4,
02/03/2024,,28,1,"47 984,12","127,54","4,55",3,"397,35","7,40","0,264",5,"3468,6","102,50","3,66",3,,4,
07/04/2024,,36,1,"48 070,73","86,61","2,41",3,"407,06","9,71","0,270",5,"3591,9","123,30","3,43",2,,4,
01/05/2024,,24,1,"48 123,04","52,31","2,18",3,"413,56","6,50","0,271",5,"3683,2","91,30","3,80",0,,4,
01/06/2024,,31,1,"48 156,33","33,28","1,07",3,"420,62","7,07","0,228",5,"3793,1","109,90","3,55",0,,4,
01/07/2024,,30,1,"48 188,79","32,46","1,08",3,"428,28","7,07","0,255",5,3906,"112,90","3,76",0,,4,
08/07/2024,,7,1,"48 196,13","7,34","1,05",3,"430,21","7,65","0,276",5,3931,"25,00","3,57",0,1,4,
01/08/2024,,24,1,"48 200,99","4,86","0,20",3,"431,32","1,11","0,046",5,"3977,8","46,80","1,95",0,1,1,
12/08/2024,,11,1,"48 200,99","0,00","0,00",3,"431,32","0,00","0,000",5,"3984,5","6,70","0,61",0,0,0,
01/09/2024,,20,1,"48 216,95","15,97","0,80",3,"436,47","5,15","0,258",5,"4052,8","68,30","3,42",0,1,4,
01/10/2024,,30,1,"48 250,25","33,30","1,11",3,"445,44","8,97","0,299",5,"4164,7","111,90","3,73",0,,,
03/11/2024,,33,1,"48 290,88","40,63","1,23",3,"455,48","10,04","0,304",5,"4302,9","138,20","4,19",0,,,
17/11/2024,,14,1,"48 341,33","50,45","3,60",3,"459,311","3,83","0,274",5,"4366,2","63,30","4,52",0,,,
01/12/2024,,14,1,"48 418,00","76,67","5,48",3,"463,432","4,12","0,294",5,"4436,4","70,20","5,01",0,,,
16/12/2024,,15,1,"48 504,46","86,46","5,76",3,"467,935","4,50","0,300",5,4507,"70,60","4,71",1,1,4,3
01/01/2025,,16,1,"48 602,85","98,38","6,15",3,"472,541","4,61","0,288",5,"4579,3","72,30","4,52",3,1,4,3
31/01/2025,,30,1,"48 797,31","194,466","6,48",3,"480,76","8,22","0,274",5,"4721,3","142,00","4,73",3,1,4,3
03/03/2025,,31,1,"48 977,80","180,484","5,82",3,"489,97","9,21","0,297",5,"4863,6","142,30","4,59",3,1,4,2
07/03/2025,,4,1,"48 992,69","14,89","3,72",3,"491,59","1,62","0,404",5,"4876,9","13,30","3,32",3,1,4,0
08/03/2025,,1,1,"48 994,70","2,015","2,01",3,"491,59","0,00","0,000",5,4878,"1,10","1,10",3,0,0,0
28/03/2025,,20,1,"49 064,97","70,267","3,51",3,"499,10","7,51","0,375",5,"4954,8","76,80","3,84",2,1,4,0
31/03/2025,12:45:00,3,1,"49 070,45","5,481","1,83",3,"500,24","1,14","0,381",5,"4962,9","8,10","2,70",1,1,4,0
01/04/2025,12:50:00,1,1,"49 074,56","4,114","4,11",3,"500,64","0,40","0,400",5,"4970,3","7,40","7,40",3,1,4,0
16/04/2025,,15,1,"49 109,43","34,867","2,32",3,"506,47","5,83","0,389",5,5016,"45,70","3,05",2,1,4,1
20/04/2025,09:35:00,4,1,"49 116,25","6,824","1,71",3,"507,32","0,85","0,213",5,"5032,4","16,40","4,10",0,1,4,3
01/05/2025,11:09:45,11,1,"49 131,90","15,647","1,42",3,"511,08","3,76","0,341",5,"5065,2","32,80","2,98",0,1,4,3
10/05/2025,10:39:43,9,1,"49 145,75","13,85","1,54",3,"514,36","3,28","0,365",5,"5095,7","30,50","3,39",0,1,4,2
26/05/2025,,16,1,"49 163,42","17,67","1,10",3,"519,40","5,04","0,315",5,"5134,4","38,70","2,42",0,1,4,1
01/06/2025,10:59:00,6,1,"49 170,35","6,93","1,16",3,"520,99","1,59","0,265",5,"5157,2","22,80","3,80",0,1,4,3
28/06/2025,13:16:00,27,1,"49 198,52","28,16","1,04",3,"528,09","7,10","0,263",5,"5241,1","83,90","3,11",0,1,4,3
12/07/2025,12:23:00,14,1,"49 212,66","14,14","1,01",3,"531,94","3,84","0,275",5,"5284,9","43,80","3,13",0,0,4,3
11/08/2025,16:00:00,30,1,"49 212,66","0,00","0,00",3,"531,94","0,00","0,000",5,"5284,9","0,00","0,00",0,0,0,3
12/08/2025,17:05:00,1,1,"49 212,66","0,00","0,00",3,"531,94","0,00","0,000",5,"5286,6","1,70","1,70",0,1,4,3
01/09/2025,17:45:00,20,1,"49 229,81","17,154","0,8577",3,"536,65","4,71","0,2355",5,"5349,4","62,80","3,14",0,1,4,3
02/10/2025,09:31,31,1,"49 262,22","32,41","1,05",3,"544,92","8,27","0,267",5,"5446,4","97,00","3,13",0,1,4,3
12/10/2025,10:00,10,1,"49 274,03","11,82","1,18",3,"547,82","2,90","0,290",5,"5487,8","41,40","4,14",0,1,4,2
23/10/2025,19:06:00,11,1,"49 287,49","13,46","1,223636364",3,"551,84","4,021","0,3655454545",5,"5525,5","37,70","3,427272727",0,1,4,1
24/10/2025,17:46:00,1,1,"49 288,98","1,483","1,483",3,"552,19","0,348","0,348",5,"5531,1","5,60","5,6",1,1,4,3
01/11/2025,10:10:00,8,1,"49 326,15","37,177","4,647125",3,"554,16","1,971","0,246375",5,"5560,5","29,40","3,675",3,1,4,3